Nama Produk,Harga,Kategori,Subkategori 1,Subkategori 2,Stok,Berat,Kondisi,Jumlah Dilihat,Jumlah Terjual,Pengiriman,Asuransi Pengiriman,Gratis Ongkir,Mulai Dijual,Update Terakhir
Arm Sleeve,100000,Olahraga,Basket,Lain-lain,16,10,Baru,1781 kali,22 kali,"JNE,Pos Kilat",Tidak,"",2014-08-10 12:53:47 +0700,2016-09-01 06:20:14 +0700
Armsleeves Pad Nike,120000,Olahraga,Basket,Lain-lain,10,20,Baru,444 kali,0 kali,JNE REG,Tidak,"",2016-02-10 09:21:13 +0700,2016-08-28 21:58:00 +0700
Armsleeves nike Elite,100000,Olahraga,Basket,Lain-lain,10,100,Bekas,472 kali,0 kali,JNE REG,Tidak,"",2016-02-10 09:23:55 +0700,2016-04-11 16:51:06 +0700
BASELAYER NIKE SHORT SLEEVES Black-Red,140000,Olahraga,Sepakbola & Futsal,Jersey,9,100,Baru,126 kali,1 kali,JNE REG,Tidak,"",2016-05-09 15:27:24 +0700,2016-07-06 10:45:41 +0700
BASELAYER NIKE SHORT SLEEVES Darkblue -Green- Red,140000,Olahraga,Sepakbola & Futsal,Jersey,10,100,Baru,90 kali,0 kali,JNE REG,Tidak,"",2016-05-09 15:28:37 +0700,2016-07-04 18:44:19 +0700
BASELAYER NIKE SHORT SLEEVES Darkblue - green,140000,Olahraga,Exercise & Fitness,,10,100,Baru,62 kali,0 kali,JNE REG,Tidak,"",2016-05-09 15:23:16 +0700,2016-05-09 22:29:17 +0700
Baselayer Combat Celana Panjang Tiento,185000,Olahraga,Exercise & Fitness,,15,200,Baru,1746 kali,12 kali,"JNE,JNE REG",Tidak,"",2015-12-11 14:17:53 +0700,2016-08-02 12:50:57 +0700
Baselayer Pro Combat Tiento Lengan Panjang,198000,Fashion Pria,Pakaian Dalam,,4,500,Baru,601 kali,1 kali,"JNE,JNE REG",Tidak,"",2015-12-15 09:43:17 +0700,2016-08-31 21:43:07 +0700
Baselayer Under Armour Fit Compression,185000,Olahraga,Exercise & Fitness,,6,100,Baru,3232 kali,12 kali,JNE,Tidak,"",2014-09-25 16:09:34 +0700,2016-05-20 11:35:02 +0700
CELANA PANJANG NIKE PRO COMBAT BASELAYER,180000,Fashion Pria,Pakaian Dalam,,17,100,Baru,15738 kali,118 kali,"JNE,Pos Kilat",Ya,"",2014-08-10 14:49:55 +0700,2016-09-02 10:01:40 +0700
CELANA PANJANG Under Armour UA PRO COMBAT BASELAYER,165000,Olahraga,Exercise & Fitness,,14,100,Baru,4925 kali,72 kali,"JNE,JNE REG,JNE YES,Pos Kilat Khusus",Tidak,"",2016-01-10 18:20:22 +0700,2016-08-30 12:06:00 +0700
Celana Nike Pro Combat Baselayer Black,140000,Olahraga,Lari,Lain-lain,23,100,Baru,6833 kali,100 kali,"JNE,Pos Kilat",Ya,"",2014-08-10 14:44:47 +0700,2016-08-30 12:03:50 +0700
Celana Pendek Ketat Tiento Baselayer,120000,Olahraga,Exercise & Fitness,,6,100,Baru,601 kali,4 kali,"JNE,JNE REG",Tidak,"",2016-02-10 10:20:10 +0700,2016-08-19 22:02:04 +0700
Celana Pendek Nike Pro Combat BaseLayer Black Green,150000,Olahraga,Exercise & Fitness,,12,100,Baru,2312 kali,6 kali,"JNE,Pos Kilat",Tidak,"",2014-08-19 14:01:52 +0700,2016-08-30 09:44:43 +0700
Celana Pendek Nike Pro Combat Baselayer Grey,150000,Olahraga,Exercise & Fitness,,7,100,Baru,1935 kali,14 kali,JNE,Tidak,"",2014-11-21 15:57:44 +0700,2016-09-02 01:00:00 +0700
Celana Pendek Nike Pro Combat Baselayer White,150000,Olahraga,Outdoor,,5,100,Baru,2248 kali,5 kali,"JNE,Pos Kilat",Ya,"Jabodetabekkar,DKI Jakarta",2014-08-10 14:43:08 +0700,2016-08-30 00:30:28 +0700
Celana Training Nike Lari list biru,175000,Olahraga,Sepakbola & Futsal,Lain-lain,6,200,Baru,3668 kali,5 kali,JNE,Tidak,"",2015-01-21 17:08:26 +0700,2016-08-27 11:03:35 +0700
Celana halfpants 3/4 Nike Pro Combat Baselayer ,175000,Olahraga,Exercise & Fitness,Celana Olahraga,5,100,Baru,266 kali,4 kali,"JNE,JNE REG,JNE YES",Tidak,"",2016-08-03 17:02:31 +0700,2016-09-02 02:14:22 +0700
Gelang Basket Nike,50000,Olahraga,Basket,Lain-lain,15,50,Baru,2880 kali,4 kali,"JNE,Pos Kilat",Tidak,"",2014-09-12 13:38:32 +0700,2016-05-20 11:35:05 +0700
Halfpants Tiento Baselayer,148000,Olahraga,Lari,Lain-lain,8,100,Baru,328 kali,2 kali,"JNE,JNE REG",Tidak,"",2016-02-10 10:14:20 +0700,2016-08-14 14:56:54 +0700
Jaket Bola parasut Juventus,215000,Fashion Pria,Jaket,,8,200,Baru,2343 kali,2 kali,JNE,Tidak,"",2015-01-04 12:54:15 +0700,2016-08-02 00:01:35 +0700
Jaket bola harakiri,195000,Olahraga,Lain-lain,,10,500,Baru,275 kali,0 kali,"JNE REG,JNE YES,Pos Kilat Khusus",Tidak,"",2015-12-10 11:02:25 +0700,2016-03-08 13:21:07 +0700
Jaket bola parasut Barcelona Darkblue,215000,Fashion Pria,Jaket,,8,200,Baru,1207 kali,2 kali,JNE,Tidak,"",2015-01-04 12:34:22 +0700,2016-06-18 18:38:32 +0700
Kaos BASELAYER NIKE SHORT SLEEVES GREY,140000,Olahraga,Exercise & Fitness,,10,100,Baru,62 kali,0 kali,JNE REG,Tidak,"",2016-05-09 15:20:33 +0700,2016-05-09 22:29:31 +0700
Kaos BASELAYER NIKE SHORT SLEEVES GREY-Red,140000,Olahraga,Exercise & Fitness,,8,100,Baru,66 kali,2 kali,JNE REG,Tidak,"",2016-05-09 15:19:07 +0700,2016-06-17 09:58:04 +0700
Kaos Baselayer UNDER ARMOUR SHORT SLEEVES BLUE ORANGE,140000,Fashion Pria,Kaos,,10,100,Baru,79 kali,1 kali,JNE REG,Tidak,"",2016-05-09 14:53:39 +0700,2016-07-23 05:29:01 +0700
Kaos Baselayer UNDER ARMOUR SHORT SLEEVES GREY STABILO,140000,Fashion Pria,Kaos,,8,100,Baru,71 kali,2 kali,JNE REG,Tidak,"",2016-05-09 14:55:10 +0700,2016-08-02 22:46:18 +0700
Kaos Nike Pro Combat Baselayer,170000,Fashion Pria,Kaos,,3,50,Baru,5573 kali,29 kali,"JNE,Pos Kilat",Tidak,"",2014-07-16 16:05:29 +0700,2016-08-30 11:58:12 +0700
Kaos Nike Pro Combat Baselayer,170000,Fashion Pria,Kaos,,2,100,Baru,1706 kali,6 kali,JNE,Tidak,"",2014-11-20 16:46:43 +0700,2016-08-30 00:30:28 +0700
Kaos Nike Pro Combat Baselayer 2 color,190000,Olahraga,Exercise & Fitness,,3,100,Baru,3545 kali,6 kali,JNE,Tidak,"",2014-11-20 16:48:19 +0700,2016-08-20 13:04:10 +0700
Kaos UNDER ARMOUR SHORT SLEEVES GREEN,140000,Fashion Pria,Kaos,,5,100,Baru,54 kali,1 kali,"JNE,JNE REG",Tidak,"",2016-05-09 14:51:16 +0700,2016-08-26 19:46:29 +0700
Kaos baselayer UNDER ARMOUR SHORT SLEEVES BLUE BLACK,140000,Fashion Pria,Kaos,,10,100,Baru,128 kali,0 kali,JNE REG,Tidak,"",2016-05-09 15:12:06 +0700,2016-08-09 05:59:30 +0700
Kaos baselayer UNDER ARMOUR SHORT SLEEVES GREEN STABILO,140000,Fashion Pria,Kaos,,10,100,Baru,67 kali,0 kali,JNE REG,Tidak,"",2016-05-09 15:08:46 +0700,2016-05-09 22:24:00 +0700
Kaos baselayer UNDER ARMOUR SHORT SLEEVES GREY - Side Stabilo,140000,Fashion Pria,Kaos,,10,100,Baru,79 kali,0 kali,JNE REG,Tidak,"",2016-05-09 15:17:25 +0700,2016-05-11 15:26:26 +0700
Knee Pad (Sepasang),240000,Olahraga,Basket,Lain-lain,9,200,Baru,1689 kali,1 kali,"JNE,Pos Kilat",Tidak,"",2014-08-10 14:36:53 +0700,2016-05-12 20:13:58 +0700
Leg Sleeves,130000,Olahraga,Basket,Lain-lain,27,10,Baru,1318 kali,3 kali,"JNE,Pos Kilat",Tidak,"",2014-08-10 12:58:15 +0700,2016-05-20 11:35:03 +0700
Lengan Pendek Baselayer Tiento,188000,Fashion Pria,Kaos,,10,100,Baru,183 kali,0 kali,"JNE,JNE REG",Tidak,"",2016-02-10 10:10:58 +0700,2016-07-14 02:20:47 +0700
Nike Pro Combat Base Layer Lengan Panjang Blue,215000,Olahraga,Sepakbola & Futsal,Lain-lain,10,100,Baru,1561 kali,1 kali,"JNE,Pos Kilat",Tidak,"",2014-08-19 14:05:07 +0700,2016-08-21 12:13:08 +0700
Nike Pro Combat Baselayer Lengan Panjang Dark Blue Orange,200000,Olahraga,Lari,Lain-lain,2,100,Baru,2337 kali,7 kali,JNE,Tidak,"",2014-10-14 16:27:53 +0700,2016-08-31 14:08:26 +0700
Nike Pro Combat Baselayer Lengan Panjang White,200000,Olahraga,Lari,Lain-lain,3,100,Baru,1737 kali,13 kali,JNE,Tidak,"",2014-10-14 16:45:52 +0700,2016-08-30 00:30:28 +0700
Nike Pro Combat Baselayer Tangan Panjang Red,200000,Fashion Pria,Kaos,,6,50,Baru,1640 kali,7 kali,JNE,Tidak,"",2014-10-15 10:26:43 +0700,2016-08-21 12:15:06 +0700
Nike Pro Combat Singlet Base Layer NEW!!,150000,Olahraga,Exercise & Fitness,,2,50,Baru,3072 kali,11 kali,"JNE,Pos Kilat",Tidak,DKI Jakarta,2014-08-11 16:22:06 +0700,2016-08-21 12:15:59 +0700
Nike Pro Combat Singlet BaseLayer,150000,Olahraga,Exercise & Fitness,,5,50,Baru,2889 kali,6 kali,"JNE,Pos Kilat",Tidak,"",2014-08-01 11:34:33 +0700,2016-05-29 16:42:32 +0700
Nike Pro Combat Singlet Baselayer Dark Blue Orange,150000,Olahraga,Exercise & Fitness,,1,100,Baru,1596 kali,3 kali,"JNE,Pos Kilat",Tidak,"",2014-08-19 13:41:21 +0700,2016-07-31 14:55:23 +0700
SETELAN BASELAYER NIKE PRO COMBAT HITAM,320000,Olahraga,Sepakbola & Futsal,Lain-lain,8,1000,Baru,1246 kali,11 kali,"JNE,JNE REG",Tidak,"",2015-09-16 09:52:34 +0700,2016-08-14 13:21:42 +0700
Sepatu Adidas superstar 2,325000,Fashion Pria,Sepatu,Sneaker,10,1000,Baru,86 kali,0 kali,"JNE,JNE REG",Tidak,"",2016-04-17 11:46:11 +0700,2016-08-11 21:33:43 +0700
Sepatu Lari running Nike Flyknit Free Run (Berbagai Tipe),495000,Olahraga,Lari,Sepatu Lari,20,1000,Baru,244 kali,0 kali,"JNE,JNE REG",Tidak,"",2016-04-17 12:14:24 +0700,2016-08-31 22:37:09 +0700
Sepatu Running Lari Woman Free 5.0 TrainerFit 4 Green Tosca,255000,Olahraga,Lari,Sepatu Lari,8,1000,Baru,98 kali,0 kali,JNE REG,Tidak,"",2016-04-13 14:32:14 +0700,2016-08-18 09:38:24 +0700
Sepatu lari running Nike Roshe Run,325000,Olahraga,Lari,Sepatu Lari,10,1000,Baru,190 kali,0 kali,JNE REG,Tidak,"",2016-04-17 11:34:49 +0700,2016-06-22 07:21:41 +0700
Setelan baselayer Nike pro combat,360000,Olahraga,Exercise & Fitness,,3,1000,Baru,2682 kali,18 kali,"JNE,JNE REG",Ya,"",2015-08-31 11:54:13 +0700,2016-08-28 09:22:30 +0700
Sleeveless Tanpa Lengan Baselayer Tiento,165000,Olahraga,Exercise & Fitness,,10,100,Baru,205 kali,0 kali,"JNE,JNE REG",Tidak,"",2016-02-10 10:17:00 +0700,2016-06-09 08:13:04 +0700
celana Nike Pro Combat BaseLayer Dark Blue Orange,150000,Olahraga,Adventure,,7,50,Baru,1556 kali,3 kali,"JNE,Pos Kilat",Tidak,"",2014-09-07 12:30:17 +0700,2016-08-23 00:24:28 +0700
celana olahraga wanita Under Armour,195000,Olahraga,Exercise & Fitness,,6,100,Baru,2537 kali,5 kali,JNE,Tidak,"",2015-01-28 16:07:54 +0700,2016-08-27 22:34:39 +0700
celana panjang gym / fitnes legging nike pro combat putih,180000,Olahraga,Exercise & Fitness,Celana Olahraga,7,100,Baru,909 kali,1 kali,"JNE REG,JNE YES",Tidak,"",2016-05-31 14:25:23 +0700,2016-09-02 09:22:02 +0700
celana training nike list kuning stabilo,175000,Olahraga,Lari,Lain-lain,9,100,Baru,1754 kali,1 kali,JNE,Tidak,"",2015-04-25 15:29:08 +0700,2016-08-28 21:09:06 +0700
celana training panjang nike fc,175000,Fashion Pria,Celana,Celana Panjang,5,150,Baru,4357 kali,12 kali,JNE,Tidak,"",2015-04-15 16:43:20 +0700,2016-08-23 21:22:14 +0700
gelang basket nama,50000,Olahraga,Basket,Lain-lain,10,100,Baru,168 kali,0 kali,"JNE,JNE REG",Tidak,"",2016-04-17 12:28:21 +0700,2016-08-14 19:22:30 +0700
jakaet bola parasut manager Chelsea,215000,Olahraga,Sepakbola & Futsal,Jersey,3,100,Baru,220 kali,0 kali,JNE,Tidak,"",2014-10-31 16:11:04 +0700,2015-11-25 16:06:27 +0700
jaket parka bola assasin,220000,Fashion Pria,Jaket,,10,900,Baru,406 kali,0 kali,"JNE REG,JNE YES,Pos Kilat Khusus",Tidak,"",2015-12-10 10:55:16 +0700,2016-07-25 08:00:21 +0700
kaos BASELAYER NIKE SHORT SLEEVES Blue - Red,140000,Olahraga,Exercise & Fitness,,10,100,Baru,66 kali,0 kali,JNE REG,Tidak,"",2016-05-09 15:24:47 +0700,2016-05-09 22:29:01 +0700
kaos baselayer Nike Pro Combat Warna,185000,Olahraga,Exercise & Fitness,,7,50,Baru,1157 kali,2 kali,JNE,Tidak,"",2014-10-09 11:52:14 +0700,2016-07-12 00:04:44 +0700
kaos baselayer UNDER ARMOUR SHORT SLEEVES GREY,140000,Fashion Pria,Kaos,,9,100,Baru,143 kali,1 kali,JNE REG,Tidak,"",2016-05-09 15:14:14 +0700,2016-08-26 19:46:11 +0700
kaos kaki nike murah,95000,Olahraga,Basket,Lain-lain,25,5,Baru,768 kali,0 kali,JNE,Tidak,"",2014-10-17 16:45:12 +0700,2016-07-23 12:54:22 +0700
pelindung kaki / Legsleeve with pad,140000,Olahraga,Basket,Lain-lain,10,100,Baru,2801 kali,7 kali,"JNE,Pos Kilat",Tidak,"",2014-08-10 13:04:57 +0700,2016-05-11 11:32:32 +0700
sepatu adidas stan smith / stansmith,410000,Olahraga,Lain-lain,,10,1000,Baru,136 kali,0 kali,JNE REG,Tidak,"",2016-04-17 11:59:43 +0700,2016-07-09 07:23:26 +0700
setelan baselayer nike procombat putih,330000,Olahraga,Exercise & Fitness,,10,1000,Baru,566 kali,0 kali,"JNE,JNE REG",Tidak,"",2015-09-16 09:49:02 +0700,2016-07-01 14:53:08 +0700
